{
    "Shiraz": [
        {
            "Safoora Goth": [
                24.939362144879755,
                67.15617433810523
            ]
        },
        {
            "University Road": [
                24.92903654670606,
                67.11453281783551
            ]
        },
        {
            "Safari Park": [
                24.922285137517036,
                67.10780378641331
            ]
        },
        {
            "NIPA": [
                24.917586027635966,
                67.09697944916549
            ]
        },
        {
            "Urdu Science College": [
                24.911894767735937,
                67.08907784840788
            ]
        },
        {
            "Hasan Square": [
                24.90167454810838,
                67.07419437376713
            ]
        },
        {
            "Purani Sabzi Mandi": [
                24.896647330262716,
                67.06683643887355
            ]
        },
        {
            "Jail Road": [
                24.887165352722945,
                67.05875489432319
            ]
        },
        {
            "Mazar-e-Quaid": [
                24.877169536228724,
                67.04370810529788
            ]
        },
        {
            "Old Numaish": [
                24.87202811585301,
                67.03548022584965
            ]
        },
        {
            "Bander Road": [
                24.86092307012888,
                67.01797121445368
            ]
        },
        {
            "Plaza": [
                24.863743505308967,
                67.02271486837833
            ]
        },
        {
            "Jama Cloth": [
                24.858643516035666,
                67.01399532026969
            ]
        },
        {
            "Denso Hall": [
                24.853370688172188,
                67.00501769651252
            ]
        },
        {
            "Boulton Market": [
                24.851408231617487,
                67.00155909904622
            ]
        },
        {
            "Tower": [
                24.847917743250175,
                66.99515812557846
            ]
        },
        {
            "Jamat Khana": [
                24.85176357372197,
                66.99296263386114
            ]
        },
        {
            "G Alana Road": [
                24.87580622842872,
                66.96772147296045
            ]
        },
        {
            "Hawksbay": [
                24.878271296361604,
                66.88773427037788
            ]
        }
    ],
    "A-3 Bus": [
        {
            "New Sabzi Mandi": [
                24.993192960405658,
                67.15633432270461
            ]
        },
        {
            "Maskan": [
                24.93461443745614,
                67.10552540572874
            ]
        },
        {
            "Gulshan Thana": [
                24.92618999403005,
                67.09399831285349
            ]
        },
        {
            "Gulshan Chowrangi": [
                24.92445771549714,
                67.09160161874888
            ]
        },
        {
            "NIPA": [
                24.917586027635966,
                67.09697944916549
            ]
        },
        {
            "Hassan Square": [
                24.900935968958922,
                67.07307868996989
            ]
        },
        {
            "Baloch Hotel": [
                24.90855474787434,
                67.06181683891106
            ]
        },
        {
            "Gharibabad": [
                24.908521407604194,
                67.05729540763792
            ]
        },
        {
            "Liaquatabad No. 10": [
                24.909217086468505,
                67.04966311472172
            ]
        },
        {
            "Nazimabad Petrol Pump": [
                24.910725553578462,
                67.03120642640548
            ]
        },
        {
            "Nazimabad No. 3": [
                24.915027684025844,
                67.0312357980341
            ]
        },
        {
            "Nazimabad No. 4": [
                24.91845954229207,
                67.03130334129345
            ]
        },
        {
            "Nazimabad Petrol Pump": [
                24.910725553578462,
                67.03120642640548
            ]
        },
        {
            "Nazimabad No. 1": [
                24.90891405198101,
                67.03101888450698
            ]
        },
        {
            "Nazimabad No. 2": [
                24.903901452519584,
                67.03085633775487
            ]
        },
        {
            "Maripur": [
                24.869468105176225,
                66.9546005286708
            ]
        },
        {
            "Gulshan-e-Maymar": [
                25.02346499320166,
                67.13333696439895
            ]
        },
        {
            "Sohrab Goth": [
                24.944839152383402,
                67.08592330256653
            ]
        },
        {
            "Asif square": [
                24.94855789262727,
                67.0905146624807
            ]
        },
        {
            "New Sabzi Mandi": [
                24.993137273105056,
                67.1566189650997
            ]
        }
    ]
}